<?xml version="1.0"?>
<dock-layout>
  <layout name="__default__">
    <dock name="__dock_1" floating="no" width="-1" height="-1" floatx="0" floaty="0" skip-taskbar="yes">
      <paned orientation="vertical" resize="yes" locked="no" iconified="no" closed="no" position="336">
        <paned orientation="horizontal" resize="yes" locked="no" iconified="no" closed="no" position="349">
          <notebook orientation="vertical" resize="yes" locked="no" iconified="no" closed="no" page="1">
            <item name="AnjutaFileManager" orientation="vertical" resize="yes" locked="no" iconified="no" closed="no"/>
            <item name="AnjutaProjectManager" orientation="vertical" resize="yes" locked="no" iconified="no" closed="no"/>
            <item name="AnjutaSymbolBrowser" orientation="horizontal" resize="yes" locked="no" iconified="no" closed="yes"/>
            <item name="AnjutaSymbolDB" orientation="vertical" resize="yes" locked="no" iconified="no" closed="no"/>
            <item name="AnjutaDevhelpIndex" orientation="horizontal" resize="yes" locked="no" iconified="no" closed="yes"/>
            <item name="AnjutaGladeTree" orientation="horizontal" resize="yes" locked="no" iconified="no" closed="yes"/>
            <item name="AnjutaGladePalette" orientation="horizontal" resize="yes" locked="no" iconified="no" closed="yes"/>
            <item name="AnjutaDebuggerRegisters" orientation="horizontal" resize="yes" locked="no" iconified="no" closed="yes"/>
          </notebook>
          <paned orientation="horizontal" resize="yes" locked="no" iconified="no" closed="no" position="500">
            <paned orientation="vertical" resize="yes" locked="no" iconified="no" closed="no" position="200">
              <notebook orientation="vertical" resize="yes" locked="no" iconified="no" closed="yes" page="-1"/>
              <notebook orientation="vertical" resize="yes" locked="no" iconified="no" closed="no" page="1">
                <item name="AnjutaStarter" orientation="horizontal" resize="yes" locked="no" iconified="no" closed="yes"/>
                <item name="AnjutaDocumentManager" orientation="vertical" resize="yes" locked="no" iconified="no" closed="no"/>
                <item name="AnjutaDevhelpDisplay" orientation="horizontal" resize="yes" locked="no" iconified="no" closed="yes"/>
                <item name="AnjutaTodoPlugin" orientation="horizontal" resize="yes" locked="no" iconified="no" closed="yes"/>
                <item name="AnjutaClassInheritance" orientation="horizontal" resize="yes" locked="no" iconified="no" closed="yes"/>
                <item name="AnjutaSamplePlugin" orientation="horizontal" resize="yes" locked="no" iconified="no" closed="yes"/>
                <item name="AnjutaGladeEditor" orientation="horizontal" resize="yes" locked="no" iconified="no" closed="yes"/>
                <item name="AnjutaDebuggerMemory" orientation="horizontal" resize="yes" locked="no" iconified="no" closed="yes"/>
                <item name="AnjutaSubversionLogViewer" orientation="horizontal" resize="yes" locked="no" iconified="no" closed="yes"/>
              </notebook>
            </paned>
            <notebook orientation="vertical" resize="yes" locked="no" iconified="no" closed="yes" page="-1"/>
          </paned>
        </paned>
        <notebook orientation="vertical" resize="yes" locked="no" iconified="no" closed="yes" page="5">
          <item name="AnjutaTerminal" orientation="vertical" resize="yes" locked="no" iconified="no" closed="yes"/>
          <item name="AnjutaDebuggerStack" orientation="horizontal" resize="yes" locked="no" iconified="no" closed="yes"/>
          <item name="AnjutaDebuggerLocals" orientation="horizontal" resize="yes" locked="no" iconified="no" closed="yes"/>
          <item name="AnjutaDebuggerWatch" orientation="vertical" resize="yes" locked="no" iconified="no" closed="yes"/>
          <item name="AnjutaDebuggerBreakpoints" orientation="vertical" resize="yes" locked="no" iconified="no" closed="yes"/>
          <item name="AnjutaMessageView" orientation="vertical" resize="yes" locked="no" iconified="no" closed="yes"/>
        </notebook>
      </paned>
    </dock>
  </layout>
</dock-layout>
